{"cameraMode":{"drawMode":0,"name":"Shaded","section":"Shading Mode"},"sceneLighting":true,"audioPlay":false,"sceneViewState":{"m_AlwaysRefresh":false,"showFog":true,"showSkybox":true,"showFlares":true,"showImageEffects":true,"showParticleSystems":true,"showVisualEffectGraphs":true,"m_FxEnabled":true},"in2DMode":false,"pivot":{"x":39.53359603881836,"y":9.64429759979248,"z":183.74737548828126},"rotation":{"x":-0.30296218395233157,"y":0.008016400039196015,"z":-0.0025468587409704925,"w":-0.9529738426208496},"size":121.16874694824219,"orthographic":false}